venue_name,website,email,phone,contact_name,contact_role,classification,county,score,source
Worton Hall,https://www.wortonhall.co.uk?utm_source=guides_for_brides,enquiries@wortonpark.co.uk,01865882644,,,DRY_HIRE,Oxfordshire,67,"hht_dryhire_leads_csv,enriched_leads_2026-03-18"
Hampshire Cricket (Utilita Bowl),https://www.ageasbowl.com,,,,,DRY_HIRE,Hampshire,62,enriched_leads_2026-03-20
The Chilterns View,https://thechilternsview.co.uk/?utm_source=guides_for_brides,info@thechilternsview.co.uk,01491 836353,,,DRY_HIRE,Oxfordshire,52,"hht_dryhire_leads_csv,enriched_leads_2026-03-18"
Talton Lodge,https://www.taltonlodge.co.uk,,,,,DRY_HIRE,Warwickshire,48,enriched_leads_2026-03-20
Farnborough International,https://www.farnboroughinternational.org,,,,,DRY_HIRE,Hampshire,48,enriched_leads_2026-03-20
Lakeside Country Club,https://lakesidecountryclub.co.uk,,,,,DRY_HIRE,Surrey,48,enriched_leads_2026-03-20
Easthampstead Park,https://www.eastpark.co.uk,sales@eastpark.co.uk,01189747576,,,DRY_HIRE,Berkshire,43,"enriched_leads_2026-03-20,hht_dryhire_leads_csv"
Hatfield House,https://www.hatfield-house.co.uk,,,,,DRY_HIRE,Hertfordshire,43,"enriched_leads_2026-03-20,enriched_venues,hht_dryhire_leads_csv"
Blenheim Palace,https://www.blenheimpalace.com,,01993 810530,,,DRY_HIRE,Oxfordshire,43,"enriched_leads_2026-03-20,hht_dryhire_leads_csv"
Gorse Hill,https://www.gorsehill.co.uk,,01483747444,,,DRY_HIRE,Surrey,19,"enriched_leads_2026-03-20,hht_dryhire_leads_csv"
Woodbury Park Hotel & Golf Club,https://www.theclubcompany.com/woodbury-park/private-hire?utm_source=guides_for_brides,info@theclubcompany.com,01395233382,,,DRY_HIRE,Oxfordshire,19,"hht_dryhire_leads_csv,enriched_leads_2026-03-18"
Weston Manor Hotel,https://www.themanorweston.com?utm_source=guides_for_brides,info@thewestonmanor.com,01869350621,,,DRY_HIRE,Oxfordshire,19,"hht_dryhire_leads_csv,enriched_leads_2026-03-18"
Hawkwell House Hotel,https://mercureoxfordhawkwellhouse.com/weddings/?utm_source=guides_for_brides,hb6p4-fo1@accor.com,01865749988,,,DRY_HIRE,Oxfordshire,19,"hht_dryhire_leads_csv,enriched_leads_2026-03-18"
Histon Manor,https://www.histonmanor.com,,,,,DRY_HIRE,Cambridgeshire,0,enriched_leads_2026-03-20
Swynford Manor,https://www.swynfordmanor.co.uk,,,,,DRY_HIRE,Cambridgeshire,0,enriched_leads_2026-03-20
Bassmead Manor Barns,https://www.bassmeadmanorbarns.co.uk,,,,,DRY_HIRE,Cambridgeshire,0,enriched_leads_2026-03-20
Waresley Park Estate,https://www.waresleypark.co.uk,,,,,DRY_HIRE,Cambridgeshire,0,enriched_leads_2026-03-20
The Manor Barn,,,,,,DRY_HIRE,Cambridgeshire,0,enriched_leads_2026-03-20
Mill Farm,,,,,,DRY_HIRE,Cambridgeshire,0,enriched_leads_2026-03-20
South Farm,https://www.south-farm.co.uk,info@south-farm.co.uk,01223 207581,,,DRY_HIRE,Cambridgeshire,0,"enriched_leads_2026-03-20,enriched_venues,contact_finder_2026-03-20"
Childerley Hall,https://www.childerley.com,,,,,DRY_HIRE,Cambridgeshire,0,enriched_leads_2026-03-20
Chippenham Park,https://www.chippenhampark.com,,,,,DRY_HIRE,Cambridgeshire,0,enriched_leads_2026-03-20
Longstowe Hall,https://www.longstowehall.co.uk,,,,,DRY_HIRE,Cambridgeshire,0,enriched_leads_2026-03-20
The Old Hall Ely,https://www.theoldhallely.co.uk,,,,,DRY_HIRE,Cambridgeshire,0,"enriched_leads_2026-03-20,enriched_venues"
Norfolk Garden Weddings,https://norfolkgardenweddings.co.uk,,,,,DRY_HIRE,Norfolk,0,enriched_leads_2026-03-20
Chaucer Barn,https://www.chaucerbarn.com,,,,,DRY_HIRE,Norfolk,0,"enriched_leads_2026-03-20,enriched_venues"
Voewood,https://www.voewood.com,,,,,DRY_HIRE,Norfolk,0,enriched_leads_2026-03-20
The Granary Estates,https://www.thegranaryestates.co.uk,info@thegranaryestates.co.uk,012870476407,Joely Allard,Weddings and Events Sales Manager,DRY_HIRE,Norfolk,0,"enriched_leads_2026-03-20,enriched_venues,contact_finder_2026-03-20"
Oxnead Hall,https://www.oxneadhall.com,,,,,DRY_HIRE,Norfolk,0,enriched_leads_2026-03-20
Godwick Hall,https://www.godwickhall.co.uk,info@godwickhall.co.uk,01328 701948,,Wedding Planner Team,DRY_HIRE,Norfolk,0,"enriched_leads_2026-03-20,enriched_venues,contact_finder_2026-03-20"
Elms Barn,https://www.elmsbarn.co.uk,,,,,DRY_HIRE,Norfolk,0,enriched_leads_2026-03-20
Bressingham Hall,https://www.bressinghamhall.com,,,,,DRY_HIRE,Norfolk,0,enriched_leads_2026-03-20
Thursford Garden Pavilion,https://www.thursford.com,,,,,DRY_HIRE,Norfolk,0,enriched_leads_2026-03-20
Rookery Meadow,https://www.rookerymeadow.co.uk,,,,,DRY_HIRE,Suffolk,0,enriched_leads_2026-03-20
Copdock Hall,https://copdockhall.com,,,,,DRY_HIRE,Suffolk,0,enriched_leads_2026-03-20
Henham Barns,https://www.henhambarns.co.uk,,,,,DRY_HIRE,Suffolk,0,enriched_leads_2026-03-20
The Anchor Walberswick,https://human-nature.events/secret-venues/the-anchor/,,,,,DRY_HIRE,Suffolk,0,enriched_leads_2026-03-20
Glemham Hall,https://www.glemhamhall.co.uk,,,,,DRY_HIRE,Suffolk,0,enriched_leads_2026-03-20
Smeetham Hall Barn,https://www.smeethamhallbarn.co.uk,,,,,DRY_HIRE,Suffolk,0,enriched_leads_2026-03-20
Haughley Park Barn,https://www.haughleyparkbarn.co.uk,,,,,DRY_HIRE,Suffolk,0,enriched_leads_2026-03-20
Helmingham Hall,https://www.helmingham.com,,,,,DRY_HIRE,Suffolk,0,enriched_leads_2026-03-20
Suffolk Barns at Hasketon,,,,,,DRY_HIRE,Suffolk,0,enriched_leads_2026-03-20
Elmhay Park,https://www.elmhaypark.co.uk,info@elmhaypark.co.uk,01373472550,,,DRY_HIRE,Somerset,0,"enriched_leads_2026-03-20,hht_dryhire_leads_csv"
Pennard Hill Farm,https://www.pennard.com,,,,,DRY_HIRE,Somerset,0,enriched_leads_2026-03-20
St Audries Park,https://www.staudriespark.co.uk,,,,,DRY_HIRE,Somerset,0,enriched_leads_2026-03-20
The Cider Barn at Cheddar,,,,,,DRY_HIRE,Somerset,0,enriched_leads_2026-03-20
Quantock Lakes,https://www.quantocklakes.co.uk,hello@quantockevents.co.uk,01278733202,Sarah,Wedding Coordinator,DRY_HIRE,Somerset,0,"enriched_leads_2026-03-20,enriched_venues,contact_finder_2026-03-20"
Maunsel House,https://www.maunselhouse.co.uk,,,,,DRY_HIRE,Somerset,0,enriched_leads_2026-03-20
Barley Wood Walled Garden,https://www.barleywood.co.uk,,,,,DRY_HIRE,Somerset,0,enriched_leads_2026-03-20
Hale Park,https://www.halepark.co.uk,,,,,DRY_HIRE,Dorset,0,enriched_leads_2026-03-20
Tithe Barn Hinton St Mary,,,,,,DRY_HIRE,Dorset,0,enriched_leads_2026-03-20
Deans Court,https://www.deanscourt.org,,,,,DRY_HIRE,Dorset,0,enriched_leads_2026-03-20
Mapperton,https://www.mapperton.com,,,,,DRY_HIRE,Dorset,0,enriched_leads_2026-03-20
Sopley Lake,https://www.sopleylake.co.uk,,,,,DRY_HIRE,Dorset,0,enriched_leads_2026-03-20
Smedmore House,https://www.smedmorehouse.co.uk,,,,,DRY_HIRE,Dorset,0,enriched_leads_2026-03-20
Plush Manor,https://www.plushmanor.co.uk,,,,,DRY_HIRE,Dorset,0,enriched_leads_2026-03-20
Kingston Country Courtyard,https://www.kingstoncountrycourtyard.co.uk,enquiries@kingstoncountrycourtyard.com,01929 481066,,,DRY_HIRE,Dorset,0,"enriched_leads_2026-03-20,enriched_venues,contact_finder_2026-03-20"
Sculpture by the Lakes,https://www.sculpturebythelakes.co.uk,,,,,DRY_HIRE,Dorset,0,enriched_leads_2026-03-20
Huntsham Court,https://www.huntshamcourt.co.uk,,,,,DRY_HIRE,Devon,0,enriched_leads_2026-03-20
Pirzwell Barn,https://www.pirzwellbarn.co.uk,,,,,DRY_HIRE,Devon,0,enriched_leads_2026-03-20
The Great Barn Devon,https://www.thegreatbarndevon.co.uk,,,,,DRY_HIRE,Devon,0,"enriched_leads_2026-03-20,enriched_venues"
Rockbeare Manor,https://www.rockbearemanor.co.uk,,,,,DRY_HIRE,Devon,0,enriched_leads_2026-03-20
Bickleigh Castle,https://www.bickleighcastle.com,,,,,DRY_HIRE,Devon,0,enriched_leads_2026-03-20
Shilstone House,https://www.shilstone.co.uk,,,,,DRY_HIRE,Devon,0,enriched_leads_2026-03-20
Upton Barn & Walled Garden,https://www.uptonbarn.co.uk,,,,,DRY_HIRE,Devon,0,enriched_leads_2026-03-20
Ash Barton Estate,https://www.ashbarton.co.uk,,,,,DRY_HIRE,Devon,0,enriched_leads_2026-03-20
Hadsham Farm,https://www.hadshamfarm.co.uk,,,,,DRY_HIRE,Warwickshire,0,enriched_leads_2026-03-20
Alveston Pastures Farm,https://www.alvestonpasturesfarm.co.uk,,,,,DRY_HIRE,Warwickshire,0,enriched_leads_2026-03-20
Park Farm,https://www.parkfarmweddings.co.uk,,,,,DRY_HIRE,Warwickshire,0,enriched_leads_2026-03-20
Wootton Park,https://www.woottonparkweddings.co.uk,,,,,DRY_HIRE,Warwickshire,0,"enriched_leads_2026-03-20,enriched_venues"
Wroxall Abbey Estate,https://www.wroxallabbeyestate.co.uk,,,,,DRY_HIRE,Warwickshire,0,enriched_leads_2026-03-20
Shustoke Farm Barns,https://www.shustokefarmbarns.co.uk,,,,,DRY_HIRE,Warwickshire,0,enriched_leads_2026-03-20
Westenhanger Castle,https://www.westenhangercastle.co.uk,,,,,DRY_HIRE,Kent,0,enriched_leads_2026-03-20
The Orangery Maidstone,https://www.theorangerymaidstone.com,,,,,DRY_HIRE,Kent,0,enriched_leads_2026-03-20
Kent Event Centre,https://www.kenteventcentre.co.uk,,,,,DRY_HIRE,Kent,0,enriched_leads_2026-03-20
The Barn at Bore Place,https://www.boreplace.org,,,,,DRY_HIRE,Kent,0,enriched_leads_2026-03-20
Cooling Castle Barn,https://www.coolingcastlebarn.com,office@coolingcastlebarn.com,005347593583,,,DRY_HIRE,Kent,0,"enriched_leads_2026-03-20,enriched_venues"
The Hop Farm,https://www.thehopfarm.co.uk,,,,,DRY_HIRE,Kent,0,"enriched_leads_2026-03-20,enriched_venues"
Hadlow Manor,https://www.hadlowmanor.co.uk,,,,,DRY_HIRE,Kent,0,enriched_leads_2026-03-20
Knowle Country House,https://www.knowlecountryhouse.co.uk,,,,,DRY_HIRE,Kent,0,enriched_leads_2026-03-20
The Underglobe,https://www.shakespearesglobe.com/your-event,,,,,DRY_HIRE,London,0,enriched_leads_2026-03-20
The Brewery London,https://www.thebrewery.co.uk,,,,,DRY_HIRE,London,0,enriched_leads_2026-03-20
Tobacco Dock,https://www.tobaccodocklondon.com,,,,,DRY_HIRE,London,0,"enriched_leads_2026-03-20,enriched_venues"
Banqueting House,https://www.hrp.org.uk/banqueting-house,,,,,DRY_HIRE,London,0,"enriched_leads_2026-03-20,enriched_venues"
The Spitfire Ground,https://www.spitfireground.co.uk,,,,,DRY_HIRE,Kent,0,enriched_leads_2026-03-20
Edgbaston Stadium,https://edgbaston.com,,,,,DRY_HIRE,Birmingham,0,enriched_leads_2026-03-20
Tanner Warehouse,https://www.tannerwarehouse.co.uk/,events@tannerwarehouse.co.uk,+442073570244,,,DRY_HIRE,Greater London,0,enriched_venues
Merriscourt,https://www.merriscourt.com/,,,,,DRY_HIRE,Oxfordshire,0,enriched_venues
Blackthorpe Barn,https://www.weddingsatblackthorpebarn.co.uk/,weddings@foragekitchen.co.uk,003591170715,,,DRY_HIRE,Suffolk,0,enriched_venues
Winters Barns,https://www.winters-barns.co.uk/,,01227 472581,,,DRY_HIRE,Kent,0,enriched_venues
High House,https://www.highhouseweddings.com/,info@highhouseweddings.com,01621 929178,,Events Team,DRY_HIRE,Essex,0,"enriched_venues,contact_finder_2026-03-20"
Colville Hall,https://colvillehallwedding.co.uk/,info@colvillehall.co.uk,01462 420751,Karen,Head Wedding Coordinator,DRY_HIRE,Essex,0,"enriched_venues,contact_finder_2026-03-20"
Rackleys,https://rackleys.co.uk/,hello@rackleys.co.uk,01494 412515,,Wedding Event Manager,DRY_HIRE,Buckinghamshire,0,"enriched_venues,contact_finder_2026-03-20"
Winters Tale Country Barn,https://winterstalecountrybarn.co.uk/,info@winterstalecountrybarn.co.uk,01296 738040,William,Bar & Event Manager,DRY_HIRE,Buckinghamshire,0,"enriched_venues,contact_finder_2026-03-20"
Sheepdrove,https://sheepdrove.com/,farm@sheepdrove.com,001678291968,,,DRY_HIRE,Berkshire,0,enriched_venues
Upwaltham Barns,https://upwalthambarns-weddings.co.uk/,weddings@upwalthambarns.co.uk,01798 300242,,,DRY_HIRE,West Sussex,0,enriched_venues
Pangdean Barn,https://www.pangdean.com/,office@pangdean.com,01273 843302,,,DRY_HIRE,East Sussex,0,enriched_venues
Caswell House,https://caswellhouse.co.uk/,events@caswellhouse.co.uk,,,,DRY_HIRE,Oxfordshire,0,enriched_venues
Primrose Hill Farm,https://primrose-hill-farm.com/,play@primrose-hill-farm.com,00950632381,,,DRY_HIRE,Oxfordshire,0,enriched_venues
Lains Barn,https://lainsbarn.co.uk/,events@lainsbarn.co.uk,07771 511653,,,DRY_HIRE,Oxfordshire,0,enriched_venues
Dovecote Events,https://www.dovecoteevents.uk/,info@dovecoteevents.uk,01295 816566,,,DRY_HIRE,Oxfordshire,0,"enriched_venues,contact_finder_2026-03-20"
The Great Tythe Barn,https://www.gtb.co.uk/,events@gtb.co.uk,01666 502475,,,DRY_HIRE,Gloucestershire,0,enriched_venues
Priston Mill,https://www.pristonmill.co.uk/,hello@pristonmill.co.uk,01225 423894,Clara,Senior Event Manager,DRY_HIRE,Somerset,0,"enriched_venues,contact_finder_2026-03-20"
Waterside Country Barn,https://watersidecountrybarn.com/,hello@watersidecountrybarn.co.uk,+44 7597 707505,,,DRY_HIRE,Somerset,0,"enriched_venues,contact_finder_2026-03-20"
Upton Barn,https://www.uptonbarn.com/,info@uptonbarn.com,004077571312,,,DRY_HIRE,Devon,0,"enriched_venues,contact_finder_2026-03-20"
Dodford Manor,https://www.dodfordmanor-venue.co.uk/,enquiries@dodfordmanor-venue.co.uk,01327 349761,,General Manager,DRY_HIRE,Northamptonshire,0,"enriched_venues,contact_finder_2026-03-20"
Dodmoor House,https://www.dodmoorhouse.co.uk/,,,,,DRY_HIRE,Northamptonshire,0,enriched_venues
Chilford Hall,https://www.chilfordhall.co.uk/,events@the-garden-rooms.co.uk,,,,DRY_HIRE,Cambridgeshire,0,enriched_venues
Gaynes Park,https://gaynespark.co.uk/,gaynespark@wedding-venues.co.uk,01992 660329,,,DRY_HIRE,Essex,0,enriched_venues
Cripps Barn,https://crippsandco.com/cripps-barn,enquiries@crippsandco.com,+44 1285 721909,,,DRY_HIRE,Gloucestershire,0,"enriched_venues,contact_finder_2026-03-20"
Notley Tythe Barn,https://www.notleyfarm.co.uk/,weddings@notleyfarm.co.uk,01844 201226,,,DRY_HIRE,Buckinghamshire,0,enriched_venues
Manor by the Lake,https://www.manorbythelake.co.uk/,events@manorbythelake.co.uk,01242 245071,,,DRY_HIRE,Gloucestershire,0,enriched_venues
Stone Barn,https://crippsandco.com/stone-barn,enquiries@crippsandco.com,+441285721909,,,DRY_HIRE,Gloucestershire,0,"enriched_venues,contact_finder_2026-03-20"
Childerley Long Barn,https://www.childerley.org/,,,,,DRY_HIRE,Cambridgeshire,0,enriched_venues
The Compasses at Pattiswick,https://compassesweddings.co.uk/,info@thecompassesatpattiswick.co.uk,01376 561322,Jane Clark,Owner,DRY_HIRE,Essex,0,"enriched_venues,contact_finder_2026-03-20"
Spinney Abbey,https://www.spinneystays.com/,,+4407445038728,,,DRY_HIRE,Cambridgeshire,0,enriched_venues
Gate Street Barn,https://gatestreet.co.uk/,info@gatestreet.co.uk,01483 894362,Annabel Kent,Senior Event Manager,DRY_HIRE,Surrey,0,"enriched_venues,contact_finder_2026-03-20"
Millbridge Court,https://www.millbridgecourt.co.uk/,hello@millbridgecourt.co.uk,01252 792572,,,DRY_HIRE,Surrey,0,enriched_venues
Old Brook Barn,https://oldbrookbarn.co.uk/,info@oldbrookbarn.co.uk,07747 116100,Lisa Forkes,"Co Owner, Director and main Events Manager.",DRY_HIRE,Essex,0,"enriched_venues,contact_finder_2026-03-20"
The Barn at Alswick,https://www.alswick.co.uk/,info@alswick.co.uk,00915601228,,,DRY_HIRE,Hertfordshire,0,"enriched_venues,contact_finder_2026-03-20"
Huntsmill Farm,https://huntsmillweddings.co.uk/,info@huntsmill.com,01280 704852,,,DRY_HIRE,Buckinghamshire,0,enriched_venues
The Post at Burghfield,https://www.thepostbarn.co.uk/,info@thepostbarn.co.uk,01635 881800,,,DRY_HIRE,Berkshire,0,"enriched_venues,contact_finder_2026-03-20"
Selden Barns,https://seldenbarns.co.uk/,enquiries@seldenbarns.co.uk,01903 372990,,,DRY_HIRE,West Sussex,0,"enriched_venues,contact_finder_2026-03-20"
Stratton Court Barn,https://www.strattoncourtbarn.co.uk/,enquiries@strattoncourtbarn.co.uk,01869 278899,,,DRY_HIRE,Oxfordshire,0,enriched_venues
Hyde House,https://hyde-house.uk/,hello@hyde-house.uk,+447447753176,,,DRY_HIRE,Gloucestershire,0,enriched_venues
Bredon Manor,https://www.bredonmanor.com,info@bredonmanor.com,01684 773432,,,DRY_HIRE,Gloucestershire,0,"enriched_venues,contact_finder_2026-03-20"
Barn at Upcote,https://thebarnatupcote.co.uk/,enquiries@thebarnatupcote.co.uk,01242890332,,,DRY_HIRE,Gloucestershire,0,"enriched_venues,contact_finder_2026-03-20,hht_dryhire_leads_csv"
Cleeve House,https://cleeve-house.com/,info@cleeve-house.com,01380 827129,,,DRY_HIRE,Wiltshire,0,enriched_venues
Almonry Barn,https://almonrybarnsomerset.com/,enquiries@almonrybarnsomerset.com,07879 890145,,,DRY_HIRE,Somerset,0,enriched_venues
Manor Mews,,,,,,DRY_HIRE,Norfolk,0,enriched_venues
Pentney Abbey,,,,,,DRY_HIRE,Norfolk,0,enriched_venues
Suffolk Barn at Hawstead Place,,,,,,DRY_HIRE,Suffolk,0,enriched_venues
Sissons Barn,,,,,,DRY_HIRE,Cambridgeshire,0,enriched_venues
Willow Grange Farm,,,,,,DRY_HIRE,Cambridgeshire,0,enriched_venues
Swallows Nest Barn,,,,,,DRY_HIRE,Warwickshire,0,enriched_venues
Longbourn Estate Barn,,,,,,DRY_HIRE,Warwickshire,0,enriched_venues
Meadow Barn at Stratford Park,,,,,,DRY_HIRE,Warwickshire,0,enriched_venues
Barns and Yards,,,,,,DRY_HIRE,Worcestershire,0,enriched_venues
Bredenbury Court Barns,,,,,,DRY_HIRE,Herefordshire,0,enriched_venues
Wood Farm Everdon,,,,,,DRY_HIRE,Northamptonshire,0,enriched_venues
The Great Barn Aynho,,,,,,DRY_HIRE,Northamptonshire,0,enriched_venues
The Old Kent Barn,,,,,,DRY_HIRE,Kent,0,enriched_venues
Rivervale Barn,,,,,,DRY_HIRE,Hampshire,0,enriched_venues
Launcells Barton,,,,,,DRY_HIRE,Cornwall,0,enriched_venues
Curradine Barns,,,,,,DRY_HIRE,Worcestershire,0,enriched_venues
Nancarrow Farm,,,,,,DRY_HIRE,Cornwall,0,enriched_venues
The Oak Barn,,,,,,DRY_HIRE,Devon,0,enriched_venues
Battleswick Farm,,,,,,DRY_HIRE,Essex,0,enriched_venues
South Stoke Barn,,,,,,DRY_HIRE,West Sussex,0,enriched_venues
Brickhouse Vineyard,,,,,,DRY_HIRE,Devon,0,enriched_venues
Rhyse Farm,,,,,,DRY_HIRE,Worcestershire,0,enriched_venues
Blake Hall,,,,,,DRY_HIRE,Essex,0,enriched_venues
The Priory Barn,,,,,,DRY_HIRE,Hertfordshire,0,enriched_venues
Trevenna,,,,,,DRY_HIRE,Cornwall,0,enriched_venues
Trinity Buoy Wharf,https://trinitybuoywharf.com,events@trinitybuoywharf.com,,,,DRY_HIRE,Greater London,0,"enriched_venues,enriched_leads_2026-03-19"
Wotton House,,,01306730000,,,DRY_HIRE,Surrey,0,"enriched_venues,hht_dryhire_leads_csv"
Parkland Weddings,https://cokethorpe-enterprises.co.uk/weddings/?utm_source=guides_for_brides,,01993892338,,,DRY_HIRE,Oxfordshire,0,hht_dryhire_leads_csv
Cold Harbour Barn,,,,,,DRY_HIRE,Oxfordshire,0,hht_dryhire_leads_csv
Silver Pear Weddings at Friars Court,,,01367810206,,,DRY_HIRE,Oxfordshire,0,hht_dryhire_leads_csv
The Barn Didcot,,,01235 210563,,,DRY_HIRE,Oxfordshire,0,hht_dryhire_leads_csv
Laurel Farm Events,,,07471636622,,,DRY_HIRE,Oxfordshire,0,hht_dryhire_leads_csv
The Castle at Edgehill,,,01295 670255,,,DRY_HIRE,Oxfordshire,0,hht_dryhire_leads_csv
The Vines Hotel,,,01473 597897,,,DRY_HIRE,Oxfordshire,0,hht_dryhire_leads_csv
Acorn Barn,,,01865 891663,,,DRY_HIRE,Oxfordshire,0,hht_dryhire_leads_csv
Foxcombe Hall,,,07753 876253,,,DRY_HIRE,Oxfordshire,0,hht_dryhire_leads_csv
Snells Hall,,,01235833561,,,DRY_HIRE,Oxfordshire,0,hht_dryhire_leads_csv
The Barn at Stone Hill,,,07888 754373,,,DRY_HIRE,Oxfordshire,0,hht_dryhire_leads_csv
Bicester Hotel Resort,,,01869241204,,,DRY_HIRE,Oxfordshire,0,hht_dryhire_leads_csv
Dovecote Barn Events,,,01295816566,,,DRY_HIRE,Oxfordshire,0,hht_dryhire_leads_csv
The Long Gallery,,,07513 619034,,,DRY_HIRE,Oxfordshire,0,hht_dryhire_leads_csv
Cogges Manor Farm,,,01993 670493,,,DRY_HIRE,Oxfordshire,0,hht_dryhire_leads_csv
Village Hall Aston,,,,,,DRY_HIRE,Oxfordshire,0,hht_dryhire_leads_csv
The Theatre Chipping Norton,,,,,,DRY_HIRE,Oxfordshire,0,hht_dryhire_leads_csv
Trunkwell House,https://trunkwell.com/weddings/?utm_source=guides_for_brides,info@trunkwell.com,01189883754,,,DRY_HIRE,Berkshire,0,hht_dryhire_leads_csv
The Old Mill,https://www.theoldmillaldermaston.co.uk/weddings?utm_source=guides_for_brides,enquiries@theoldmillaldermaston.co.uk,01189712365,,,DRY_HIRE,Berkshire,0,hht_dryhire_leads_csv
Highfield Park,https://www.highfieldpark.com/weddings?utm_source=guides_for_brides,,01235 770078,,,DRY_HIRE,Berkshire,0,hht_dryhire_leads_csv
The Coach House Barn at Dorney Court,https://dorneycourt.co.uk/weddings/?utm_source=guides_for_brides,events@dorneycourt.co.uk,01628604638,Your Wedding,,DRY_HIRE,Berkshire,0,hht_dryhire_leads_csv
The Post Barn,https://www.thepostbarn.co.uk/?utm_source=guides_for_brides,info@thepostbarn.co.uk,01635 881800,,,DRY_HIRE,Berkshire,0,hht_dryhire_leads_csv
Bird Hills Golf Centre Wedding Venue,https://birdhills.co.uk/weddings?utm_source=guides_for_brides,info@birdhills.co.uk,01628771030,,,DRY_HIRE,Berkshire,0,hht_dryhire_leads_csv
De Vere Wokefield Estate Wedding Venue,https://www.devere.co.uk/wokefield-estate/weddings/?utm_source=guides_for_brides,,0118 933 4050,Wokefield Estate,,DRY_HIRE,Berkshire,0,hht_dryhire_leads_csv
Benham Park,https://benhampark.com?utm_source=guides_for_brides,,,,,DRY_HIRE,Berkshire,0,hht_dryhire_leads_csv
Crowne Plaza Reading,https://www.cpreading.co.uk/wedding-venue-in-wokingham?utm_source=guides_for_brides,reservations@cpreading.co.uk,01189444231,,,DRY_HIRE,Berkshire,0,hht_dryhire_leads_csv
Maidenhead Rugby Union Football Club,,,01628 629663,,,DRY_HIRE,Berkshire,0,hht_dryhire_leads_csv
The Mill House Hotel Wedding Venue,,,01189883124,,,DRY_HIRE,Berkshire,0,hht_dryhire_leads_csv
Queens Arms,,,01488 648757,,,DRY_HIRE,Berkshire,0,hht_dryhire_leads_csv
Castle Hotel Windsor – Wedding Venue,,,01753851577,,,DRY_HIRE,Berkshire,0,hht_dryhire_leads_csv
Ditton Manor,,,,,,DRY_HIRE,Berkshire,0,hht_dryhire_leads_csv
"Dinton Pastures Country Park, Wedding Venue in Berkshire",,,01182 378983,,,DRY_HIRE,Berkshire,0,hht_dryhire_leads_csv
Hungerford Town Hall,,,01488 686555,,,DRY_HIRE,Berkshire,0,hht_dryhire_leads_csv
Burnham Beeches Hotel,https://burnhambeecheshotel.com/weddings/?utm_source=guides_for_brides,reservations@burnhambeecheshotel.com,01628 429955,,,DRY_HIRE,Buckinghamshire,0,hht_dryhire_leads_csv
Horwood House Hotel,https://www.horwoodhouse.co.uk/weddings.html?utm_source=guides_for_brides,info@horwoodhouse.co.uk,+44 (0)1296 722100,,,DRY_HIRE,Buckinghamshire,0,hht_dryhire_leads_csv
Villiers Hotel,https://www.villiers-hotel.co.uk/weddings?utm_source=guides_for_brides,,01280 822444,,,DRY_HIRE,Buckinghamshire,0,hht_dryhire_leads_csv
Denham Grove Wedding Venue,https://www.denhamgrove.com/weddings.php?utm_source=guides_for_brides,,01895836932,,,DRY_HIRE,Buckinghamshire,0,hht_dryhire_leads_csv
Chicheley Hall Wedding Venue,https://chicheleyhall.co.uk/weddings/?utm_source=guides_for_brides,enquiries@chicheleyhall.co.uk,01234 230396,,,DRY_HIRE,Buckinghamshire,0,hht_dryhire_leads_csv
Crowne Plaza Marlow Wedding Venue,https://www.cpmarlow.co.uk/?utm_source=guides_for_brides,reservations2@cpmarlow.co.uk,01628496818,,,DRY_HIRE,Buckinghamshire,0,hht_dryhire_leads_csv
Holiday Inn Milton Keynes East Wedding Venue,,,,,,DRY_HIRE,Buckinghamshire,0,hht_dryhire_leads_csv
Stoke Place Wedding Venue,,,01753560218,,,DRY_HIRE,Buckinghamshire,0,hht_dryhire_leads_csv
Notley Abbey,,,0345 130 9966,,,DRY_HIRE,Buckinghamshire,0,hht_dryhire_leads_csv
Quarry Hall Weddings & Events,,,07986737486,,,DRY_HIRE,Buckinghamshire,0,hht_dryhire_leads_csv
Westonbirt House,https://www.westonbirthouse.co.uk/weddings/?utm_source=guides+for+brides&utm_medium=listing&utm_campaign=westonbirt_guides_for_brides&utm_id=Guides+for+Brides,events@westonbirt.org,01666881338,,,DRY_HIRE,Gloucestershire,0,hht_dryhire_leads_csv
De Vere Cotswold Water Park,https://www.devere.co.uk/cotswold-water-park-hotel/weddings?utm_source=guides_for_brides,,01234567891,,,DRY_HIRE,Gloucestershire,0,hht_dryhire_leads_csv
Kingscote Barn,https://kingscotebarn.co.uk/?utm_source=guides_for_brides,,01453861161,,,DRY_HIRE,Gloucestershire,0,hht_dryhire_leads_csv
Badminton Estate,https://www.badmintonestate.com/historic-wedding-venue-in-cotswolds/?utm_source=guides_for_brides,estateoffice@badmintonestate.com,01454 218203,,,DRY_HIRE,Gloucestershire,0,hht_dryhire_leads_csv
Blackfriars Priory Weddings,,,01452396384,,,DRY_HIRE,Gloucestershire,0,hht_dryhire_leads_csv
Pittville Pump Room Wedding Venue,,,01242528764,,,DRY_HIRE,Gloucestershire,0,hht_dryhire_leads_csv
Cheltenham Town Hall Wedding Venue,,,01242528764,,,DRY_HIRE,Gloucestershire,0,hht_dryhire_leads_csv
Gloucester Robinswood Hotel Wedding Venue,,,0330 028 3408,,,DRY_HIRE,Gloucestershire,0,hht_dryhire_leads_csv
Jenners Barn Weddings,,,07886037224,,,DRY_HIRE,Gloucestershire,0,hht_dryhire_leads_csv
"Coombe End Manor, Wedding Venue in Gloucestershire",,,,,,DRY_HIRE,Gloucestershire,0,hht_dryhire_leads_csv
Abbey Home Farm Wedding Venue,,,01285640441,,,DRY_HIRE,Gloucestershire,0,hht_dryhire_leads_csv
Kiftsgate Court,,,01386 438777,,,DRY_HIRE,Gloucestershire,0,hht_dryhire_leads_csv
Warbrook House,https://warbrookhouse.com/weddings/?utm_source=guides_for_brides,weddings@warbrookhouse.com,01189739750,,,DRY_HIRE,Hampshire,0,hht_dryhire_leads_csv
The Alton House Hotel,https://www.altonhousehotel.com?utm_source=guides_for_brides,reservations@altonhousehotel.com,+44 (0)1420 80033,,,DRY_HIRE,Hampshire,0,hht_dryhire_leads_csv
Oakley Hall Hotel,https://www.oakleyhall-park.com/weddings/?utm_source=guides_for_brides,enquiries@oakleyhall-park.com,01256 783350,,,DRY_HIRE,Hampshire,0,hht_dryhire_leads_csv
Novotel Southampton Wedding Venue,https://all.accor.com/hotel/1073/index.en.shtml?utm_source=guides_for_brides,h1073@accor.com,02380233113,,,DRY_HIRE,Hampshire,0,hht_dryhire_leads_csv
Weddings in the wood Wedding Barn,https://www.weddingsinthewood.co.uk/?utm_source=guides_for_brides,simon@weddingsinthewood.co.uk,02380284401,,,DRY_HIRE,Hampshire,0,hht_dryhire_leads_csv
Gray Manor Hotel,http://www.graymanorhotel.co.uk?utm_source=guides_for_brides,,01980629542,,,DRY_HIRE,Hampshire,0,hht_dryhire_leads_csv
Pamber Place Gardens Wedding Venue,https://pamberplace.com/?utm_source=guides_for_brides,enquiries@pamberplace.com,01256850934,,,DRY_HIRE,Hampshire,0,hht_dryhire_leads_csv
Lainston House Wedding Venue,,,01962797824,,,DRY_HIRE,Hampshire,0,hht_dryhire_leads_csv
Old Thorns Hotel & Resort,,,01428 738510,,,DRY_HIRE,Hampshire,0,hht_dryhire_leads_csv
DoubleTree by Hilton Southampton Wedding Venue,,,02380702700,,,DRY_HIRE,Hampshire,0,hht_dryhire_leads_csv
Holiday Inn Portsmouth Wedding Venue,,,08719429065,,,DRY_HIRE,Hampshire,0,hht_dryhire_leads_csv
Langstone Quays Resort,,,,,,DRY_HIRE,Hampshire,0,hht_dryhire_leads_csv
Best Western Chilworth Manor Wedding Venue,,,02380763030,,,DRY_HIRE,Hampshire,0,hht_dryhire_leads_csv
The Grand,,,02380339303,,,DRY_HIRE,Hampshire,0,hht_dryhire_leads_csv
Farnham Castle,https://www.farnhamcastle.com/weddings/?utm_source=guides_for_brides,,01252 720402,,,DRY_HIRE,Surrey,0,hht_dryhire_leads_csv
Woldingham Golf Club,https://woldinghamgc.co.uk/weddings/?utm_source=guides_for_brides,info@woldinghamgc.co.uk,01883653501,,,DRY_HIRE,Surrey,0,hht_dryhire_leads_csv
Hampton Court House Wedding Venue,https://degevents.com/hampton-court-house/weddings/?utm_source=guides_for_brides,,0208 614 0860,,,DRY_HIRE,Surrey,0,hht_dryhire_leads_csv
The Soper Hall,https://www.soperhall.org.uk/weddings/?utm_source=guides_for_brides,admin@soperhall.org.uk,01883340678,,,DRY_HIRE,Surrey,0,hht_dryhire_leads_csv
High Billinghurst Farm,https://www.highbillinghurstfarm.com?utm_source=guides_for_brides,hbf@highbillinghurstfarm.com,07712185977,,,DRY_HIRE,Surrey,0,hht_dryhire_leads_csv
Oatlands Park Hotel Wedding Venue,https://www.oatlandsparkhotel.com/weddings?utm_source=guides_for_brides,weddings@oatlandsparkhotel.com,01932847242,,,DRY_HIRE,Surrey,0,hht_dryhire_leads_csv
Burrows Lea Country House,,,01483 375789,,,DRY_HIRE,Surrey,0,hht_dryhire_leads_csv
Imber Court  Wedding Venue,,,02083981267,,,DRY_HIRE,Surrey,0,hht_dryhire_leads_csv
Weddings at Painshill,,,01932 868113,,,DRY_HIRE,Surrey,0,hht_dryhire_leads_csv
Stanhill Court Hotel Wedding Venue,,,01293862166,,,DRY_HIRE,Surrey,0,hht_dryhire_leads_csv
Botleys Mansion,,,0345 130 9966,,,DRY_HIRE,Surrey,0,hht_dryhire_leads_csv
"Holmbury St. Mary Village Hall, Wedding Venue in Surrey",,,,,,DRY_HIRE,Surrey,0,hht_dryhire_leads_csv
The Mandolay Hotel Wedding Venue,,,01483 375006,,,DRY_HIRE,Surrey,0,hht_dryhire_leads_csv
"Farleigh Golf Club, Countryside Wedding Venue",,,01883627711,,,DRY_HIRE,Surrey,0,hht_dryhire_leads_csv
Ewell Court House Wedding Venue,,,02087867392,,,DRY_HIRE,Surrey,0,hht_dryhire_leads_csv
The Garden Gallery,,,,,,DRY_HIRE,Surrey,0,hht_dryhire_leads_csv
Hunton Park Hotel,https://huntonparkhotel.co.uk/wedding-venue/?utm_source=guides_for_brides,info@gotoevents.co.uk,01923277708,,,DRY_HIRE,Hertfordshire,0,hht_dryhire_leads_csv
Sopwell House,https://sopwellhouse.co.uk/celebrate/?utm_source=guides_for_brides,enquiries@sopwellhouse.co.uk,01727 750466,,,DRY_HIRE,Hertfordshire,0,hht_dryhire_leads_csv
Knebworth House & Barns Wedding Venue,,,,,,DRY_HIRE,Hertfordshire,0,hht_dryhire_leads_csv
The Manor Elstree Wedding Venue,,,0208 327 4700,,,DRY_HIRE,Hertfordshire,0,hht_dryhire_leads_csv
Doubletree by Hilton London Elstree,,,0208 214 9988,,,DRY_HIRE,Hertfordshire,0,hht_dryhire_leads_csv
Orchardleigh House,https://www.orchardleigh.net?utm_source=guides_for_brides,info@orchardleigh.net,01373 472550,,,DRY_HIRE,Wiltshire,0,hht_dryhire_leads_csv
Temple of Apollo Stourhead Wedding Venue,,,,,,DRY_HIRE,Wiltshire,0,hht_dryhire_leads_csv
Euridge Manor Luxury Weddings,,,01225745813,,,DRY_HIRE,Wiltshire,0,hht_dryhire_leads_csv
"National Trust Mompesson, Wedding Venue in Wiltshire",,,01747841152,,,DRY_HIRE,Wiltshire,0,hht_dryhire_leads_csv
Fonthill Estate Country Weddings,,,07958968798,,,DRY_HIRE,Wiltshire,0,hht_dryhire_leads_csv
The Manor House Golf Club,,,01249 475812,,,DRY_HIRE,Wiltshire,0,hht_dryhire_leads_csv
"The Woods at Oakley, Wedding Venue in Wiltshire",,,07568137617,,,DRY_HIRE,Wiltshire,0,hht_dryhire_leads_csv
Asylum Chapel,https://asylumchapel.co.uk,info@asylumchapel.co.uk,,,,DRY_HIRE,London,0,enriched_leads_2026-03-19
RSA House,https://thersa.org/rsa-house,events@thersa.org,,,,DRY_HIRE,London,0,enriched_leads_2026-03-19
De Vere Horsley Estate,https://www.devere.co.uk/horsley-estate,,,,,EXTERNAL_OK,Surrey,43,enriched_leads_2026-03-20
Wokefield Estate,https://www.devere.co.uk/wokefield-estate,,,,,EXTERNAL_OK,Berkshire,43,enriched_leads_2026-03-20
Aubrey Park,https://www.aubreypark.co.uk,,,,,EXTERNAL_OK,Hertfordshire,43,enriched_leads_2026-03-20
Hampton Court Palace,https://www.hrp.org.uk/hampton-court-palace/venue-hire,,,,,EXTERNAL_OK,Surrey,43,"enriched_leads_2026-03-20,enriched_venues"
Soho Farmhouse,https://www.sohofarmhouse.com,,,,,EXTERNAL_OK,Oxfordshire,43,enriched_leads_2026-03-20
Highclere Castle (Downton Abbey),https://www.highclerecastle.co.uk,,,,,EXTERNAL_OK,Berkshire,43,enriched_leads_2026-03-20
Waddesdon Manor,https://www.waddesdon.org.uk,,,,,EXTERNAL_OK,Buckinghamshire,43,"enriched_leads_2026-03-20,enriched_venues"
Cliveden House Events,https://www.clivedenhouse.co.uk,,,,,EXTERNAL_OK,Buckinghamshire,43,enriched_leads_2026-03-20
Stonor Park,https://www.stonor.com,,,,,EXTERNAL_OK,Oxfordshire,43,enriched_leads_2026-03-20
Milton Hill House,https://www.miltonoxfordshire.co.uk,,,,,EXTERNAL_OK,Oxfordshire,33,enriched_leads_2026-03-20
Bodleian Libraries,https://www.bodleian.ox.ac.uk/venues,,,,,EXTERNAL_OK,Oxfordshire,29,enriched_leads_2026-03-20
Ascot Racecourse,https://www.ascot.com,,,,,EXTERNAL_OK,Berkshire,29,enriched_leads_2026-03-20
Kew Gardens,https://www.kew.org/about-us/venue-hire,,,,,EXTERNAL_OK,Surrey,29,"enriched_leads_2026-03-20,enriched_venues"
Hilton Reading,https://www.hilton.com/en/hotels/rdghthn-hilton-reading,,,,,EXTERNAL_OK,Berkshire,29,enriched_leads_2026-03-20
Hilton Cobham,https://www.hilton.com/en/hotels/lhrcbhn-hilton-cobham,,,,,EXTERNAL_OK,Surrey,29,enriched_leads_2026-03-20
Wentworth Golf Club,https://www.wentworthclub.com,,,,,EXTERNAL_OK,Surrey,29,enriched_leads_2026-03-20
Guards Polo Club,https://www.guardspoloclub.com,,,,,EXTERNAL_OK,Berkshire,29,enriched_leads_2026-03-20
Newbury Racecourse,https://www.newburyracecourse.co.uk,,,,,EXTERNAL_OK,Berkshire,29,enriched_leads_2026-03-20
Epsom Downs Racecourse,https://www.epsomdowns.co.uk,,,,,EXTERNAL_OK,Surrey,29,enriched_leads_2026-03-20
The Big Feastival,https://thebigfeastival.com,,,,,EXTERNAL_OK,Oxfordshire,29,enriched_leads_2026-03-20
Great British Food Festival,https://greatbritishfoodfestival.com,,,,,EXTERNAL_OK,Berkshire,29,enriched_leads_2026-03-20
Blenheim Palace Food Festival,https://www.blenheimpalace.com,,,,,EXTERNAL_OK,Oxfordshire,29,enriched_leads_2026-03-20
Royal County of Berkshire Show,https://www.berkshireshow.co.uk,,,,,EXTERNAL_OK,Berkshire,29,enriched_leads_2026-03-20
Surrey County Show,https://www.surreycountyshow.co.uk,,,,,EXTERNAL_OK,Surrey,29,enriched_leads_2026-03-20
Bucks County Show,https://www.buckscountyshow.co.uk,,,,,EXTERNAL_OK,Buckinghamshire,29,enriched_leads_2026-03-20
Henley Royal Regatta,https://www.hrr.co.uk,,,,,EXTERNAL_OK,Oxfordshire,29,enriched_leads_2026-03-20
Cartier Queen's Cup Polo,https://www.guardspoloclub.com,,,,,EXTERNAL_OK,Berkshire,29,enriched_leads_2026-03-20
Royal Ascot,https://www.ascot.com,,,,,EXTERNAL_OK,Berkshire,29,enriched_leads_2026-03-20
Henley Festival,https://www.henley-festival.co.uk,,,,,EXTERNAL_OK,Oxfordshire,29,enriched_leads_2026-03-20
The Nomad Cinema,https://www.whereisthenomad.com,,,,,EXTERNAL_OK,London,29,enriched_leads_2026-03-20
Wilderness Festival,https://www.wildernessfestival.com,,,,,EXTERNAL_OK,Oxfordshire,29,enriched_leads_2026-03-20
Highcroft Retreat,https://www.thecountrycastlecompany.co.uk/venue/highcroft-retreat/,,,,,EXTERNAL_OK,Berkshire,19,enriched_leads_2026-03-20
Barnett Hill Hotel,https://www.barnetthillhotel.co.uk,,,,,EXTERNAL_OK,Surrey,19,enriched_leads_2026-03-20
Madingley Hall,https://www.madingleyhall.co.uk,,,,,EXTERNAL_OK,Cambridgeshire,0,enriched_leads_2026-03-20
Holkham Hall,https://www.holkham.co.uk,,,,,EXTERNAL_OK,Norfolk,0,"enriched_leads_2026-03-20,enriched_venues"
The Norfolk Mead Hotel,https://www.norfolkmead.co.uk,,,,,EXTERNAL_OK,Norfolk,0,enriched_leads_2026-03-20
Bruisyard Hall,https://www.bruisyard.co.uk,,,,,EXTERNAL_OK,Suffolk,0,enriched_leads_2026-03-20
Woodhall Manor,https://www.woodhallmanor.com,,,,,EXTERNAL_OK,Suffolk,0,enriched_leads_2026-03-20
Kilver Court,https://www.kilvercourt.com,,,,,EXTERNAL_OK,Somerset,0,"enriched_leads_2026-03-20,enriched_venues"
Haselbury Mill,https://www.haselburymill.co.uk,,,,,EXTERNAL_OK,Somerset,0,enriched_leads_2026-03-20
The Priests House Hotel,,,,,,EXTERNAL_OK,Somerset,0,enriched_leads_2026-03-20
The Italian Villa,https://www.theitalianvilla.co.uk,,,,,EXTERNAL_OK,Dorset,0,enriched_leads_2026-03-20
Boringdon Hall,https://www.boringdonhall.co.uk,,,,,EXTERNAL_OK,Devon,0,enriched_leads_2026-03-20
Dartington Hall,https://www.dartington.org,,,,,EXTERNAL_OK,Devon,0,"enriched_leads_2026-03-20,enriched_venues"
Compton Verney,https://www.comptonverney.org.uk,,,,,EXTERNAL_OK,Warwickshire,0,enriched_leads_2026-03-20
Ettington Park,https://www.handpickedhotels.co.uk/ettingtonpark,,,,,EXTERNAL_OK,Warwickshire,0,enriched_leads_2026-03-20
Nuthurst Grange Country House,https://www.nuthurst-grange.co.uk,,,,,EXTERNAL_OK,Warwickshire,0,enriched_leads_2026-03-20
Penshurst Place,https://www.penshurstplace.com,,,,,EXTERNAL_OK,Kent,0,enriched_leads_2026-03-20
Port Lympne Hotel & Reserve,https://www.portlympne.com,,,,,EXTERNAL_OK,Kent,0,enriched_leads_2026-03-20
Leeds Castle,https://www.leeds-castle.com,,,,,EXTERNAL_OK,Kent,0,"enriched_leads_2026-03-20,enriched_venues"
Goodwood House,https://www.goodwood.com,,,,,EXTERNAL_OK,West Sussex,0,"enriched_leads_2026-03-20,enriched_venues"
Prestige Venues (Sodexo),https://www.prestigevenuesandevents.sodexo.com,,,,,EXTERNAL_OK,,0,enriched_leads_2026-03-20
Lime Venue Portfolio,https://www.limevenueportfolio.com,,,,,EXTERNAL_OK,,0,enriched_leads_2026-03-20
Cowdray Park Polo Club,https://cowdraypolo.co.uk,,,,,EXTERNAL_OK,West Sussex,0,enriched_leads_2026-03-20
Pub in the Park,https://pubinthepark.com,,,,,EXTERNAL_OK,,0,enriched_leads_2026-03-20
Taste of London,https://london.tastefestivals.com,,,,,EXTERNAL_OK,London,0,enriched_leads_2026-03-20
Meatopia,https://www.meatopia.co.uk,,,,,EXTERNAL_OK,London,0,enriched_leads_2026-03-20
Abergavenny Food Festival,https://www.abergavennyfoodfestival.com,,,,,EXTERNAL_OK,,0,enriched_leads_2026-03-20
Maldon Food and Drink Festival,https://www.foodanddrinkfestivalsuk.co.uk,,,,,EXTERNAL_OK,,0,enriched_leads_2026-03-20
South of England Show,https://www.seas.org.uk,,,,,EXTERNAL_OK,West Sussex,0,enriched_leads_2026-03-20
CLA Game Fair,https://www.gamefair.org,,,,,EXTERNAL_OK,,0,enriched_leads_2026-03-20
Cowdray Gold Cup Polo,https://cowdraypolo.co.uk,,,,,EXTERNAL_OK,West Sussex,0,enriched_leads_2026-03-20
Glorious Goodwood,https://www.goodwood.com/horseracing,,,,,EXTERNAL_OK,West Sussex,0,enriched_leads_2026-03-20
Luna Cinema,https://www.thelunacinema.com,,,,,EXTERNAL_OK,,0,enriched_leads_2026-03-20
Glyndebourne,https://www.glyndebourne.com,,,,,EXTERNAL_OK,East Sussex,0,enriched_leads_2026-03-20
BBC Good Food Show,https://www.bbcgoodfoodshow.com,,,,,EXTERNAL_OK,London,0,enriched_leads_2026-03-20
Alexandra Palace,,,,,,EXTERNAL_OK,Greater London,0,enriched_venues
Troxy,,,,,,EXTERNAL_OK,Greater London,0,enriched_venues
Old Billingsgate,,,,,,EXTERNAL_OK,Greater London,0,enriched_venues
The Roundhouse,,,,,,EXTERNAL_OK,Greater London,0,enriched_venues
The Barbican Centre,,,,,,EXTERNAL_OK,Greater London,0,enriched_venues
The Brewery,,,,,,EXTERNAL_OK,Greater London,0,enriched_venues
Village Underground,,,,,,EXTERNAL_OK,Greater London,0,enriched_venues
One Marylebone,,,,,,EXTERNAL_OK,Greater London,0,enriched_venues
Guildhall,,,,,,EXTERNAL_OK,Greater London,0,enriched_venues
Royal Hospital Chelsea,,,,,,EXTERNAL_OK,Greater London,0,enriched_venues
The Eden Project,,,,,,EXTERNAL_OK,Cornwall,0,enriched_venues
Banking Hall,,,,,,EXTERNAL_OK,Greater London,0,enriched_venues
The Ministry,,,,,,EXTERNAL_OK,Greater London,0,enriched_venues
Battersea Arts Centre,,,,,,EXTERNAL_OK,Greater London,0,enriched_venues
Warwick Castle,,,,,,EXTERNAL_OK,Warwickshire,0,enriched_venues
Tower of London,,,,,,EXTERNAL_OK,Greater London,0,enriched_venues
Syon Park,,,,,,EXTERNAL_OK,Greater London,0,enriched_venues
Kensington Palace,,,,,,EXTERNAL_OK,Greater London,0,enriched_venues
Hanbury Manor,,,,,,EXTERNAL_OK,Hertfordshire,0,enriched_venues
Stoke Park,,,,,,EXTERNAL_OK,Buckinghamshire,0,enriched_venues
Froyle Park,,,,,,EXTERNAL_OK,Hampshire,0,enriched_venues
Arundel Castle,,,,,,EXTERNAL_OK,West Sussex,0,enriched_venues
Bath Guildhall,,,,,,EXTERNAL_OK,Somerset,0,enriched_venues
Addington Palace,,,,,,EXTERNAL_OK,Surrey,0,enriched_venues
The Grove,,,,,,EXTERNAL_OK,Hertfordshire,0,enriched_venues
Powderham Castle,,,,,,EXTERNAL_OK,Devon,0,enriched_venues
Tregothnan,,,,,,EXTERNAL_OK,Cornwall,0,enriched_venues
Thursford Collection,,,,,,EXTERNAL_OK,Norfolk,0,enriched_venues
Longleat House,,,,,,EXTERNAL_OK,Wiltshire,0,enriched_venues
Bearwood College,,,,,,EXTERNAL_OK,Berkshire,0,enriched_venues
Althorp,,,,,,EXTERNAL_OK,Northamptonshire,0,enriched_venues
Stanbrook Abbey,,,,,,EXTERNAL_OK,Worcestershire,0,enriched_venues
Woburn Abbey,,,,,,EXTERNAL_OK,Bedfordshire,0,enriched_venues
Hedingham Castle,,,,,,EXTERNAL_OK,Kent,0,enriched_venues
The Heron,,,,,,EXTERNAL_OK,Essex,0,enriched_venues
Ashridge House,,,,,,EXTERNAL_OK,Hertfordshire,0,enriched_venues
Knebworth House,,,,,,EXTERNAL_OK,Hertfordshire,0,enriched_venues
Hedsor House,,,,,,EXTERNAL_OK,Buckinghamshire,0,enriched_venues
Norton Park,,,,,,EXTERNAL_OK,Hampshire,0,enriched_venues
Firle Place,,,,,,EXTERNAL_OK,East Sussex,0,enriched_venues
Longleat,,,,,,EXTERNAL_OK,Wiltshire,0,enriched_venues
Eastnor Castle,,,,,,EXTERNAL_OK,Herefordshire,0,enriched_venues
Stowe House,,,,,,EXTERNAL_OK,Buckinghamshire,0,enriched_venues
Storey's Field Centre,,,,,,EXTERNAL_OK,Greater London,0,enriched_venues
Down Hall,,,,,,EXTERNAL_OK,Essex,0,enriched_venues
Highclere Castle,,,,,,EXTERNAL_OK,Hampshire,0,enriched_venues
Tylney Hall,,,,,,EXTERNAL_OK,Hampshire,0,enriched_venues
Moor Park Mansion,,,,,,EXTERNAL_OK,Hertfordshire,0,enriched_venues
Orchardleigh Estate,,,,,,EXTERNAL_OK,Somerset,0,enriched_venues
Lulworth Castle,,,,,,EXTERNAL_OK,Dorset,0,enriched_venues
BOOM BATTLE BAR venues,https://boombattlebar.co.uk,,,,,IN_HOUSE_ONLY,,0,enriched_leads_2026-03-20
